fibonacci_closed,fibonacci_loop,fibonacci_recursive
4.76837158203125e-06,9.5367431640625e-07,3.0994415283203125e-06
1.1920928955078125e-06,1.1920928955078125e-06,7.152557373046875e-07
0.0,7.152557373046875e-07,0.0
0.0,9.5367431640625e-07,1.9073486328125e-06
1.1920928955078125e-06,0.0,1.1920928955078125e-06
9.5367431640625e-07,0.0,9.5367431640625e-07
9.5367431640625e-07,9.5367431640625e-07,9.5367431640625e-07
9.5367431640625e-07,9.5367431640625e-07,1.1920928955078125e-06
9.5367431640625e-07,0.0,9.5367431640625e-07
9.5367431640625e-07,0.0,9.5367431640625e-07
0.0,1.1920928955078125e-06,9.5367431640625e-07
0.0,9.5367431640625e-07,1.1920928955078125e-06
0.0,9.5367431640625e-07,7.152557373046875e-07
9.5367431640625e-07,1.1920928955078125e-06,9.5367431640625e-07
9.5367431640625e-07,9.5367431640625e-07,1.1920928955078125e-06
9.5367431640625e-07,7.152557373046875e-07,9.5367431640625e-07
0.0,9.5367431640625e-07,9.5367431640625e-07
0.0,1.1920928955078125e-06,9.5367431640625e-07
0.0,9.5367431640625e-07,1.1920928955078125e-06
9.5367431640625e-07,1.1920928955078125e-06,9.5367431640625e-07
1.1920928955078125e-06,9.5367431640625e-07,0.0
7.152557373046875e-07,9.5367431640625e-07,1.1920928955078125e-06
0.0,9.5367431640625e-07,7.152557373046875e-07
0.0,9.5367431640625e-07,9.5367431640625e-07
9.5367431640625e-07,7.152557373046875e-07,9.5367431640625e-07
1.1920928955078125e-06,2.1457672119140625e-06,1.1920928955078125e-06
9.5367431640625e-07,9.5367431640625e-07,9.5367431640625e-07
9.5367431640625e-07,2.1457672119140625e-06,9.5367431640625e-07
0.0,9.5367431640625e-07,1.1920928955078125e-06
0.0,2.1457672119140625e-06,9.5367431640625e-07
9.5367431640625e-07,9.5367431640625e-07,9.5367431640625e-07
9.5367431640625e-07,1.6689300537109375e-06,1.1920928955078125e-06
1.1920928955078125e-06,1.1920928955078125e-06,9.5367431640625e-07
0.0,9.5367431640625e-07,7.152557373046875e-07
0.0,2.1457672119140625e-06,9.5367431640625e-07
7.152557373046875e-07,1.9073486328125e-06,1.1920928955078125e-06
9.5367431640625e-07,2.1457672119140625e-06,0.0
1.1920928955078125e-06,7.152557373046875e-07,9.5367431640625e-07
9.5367431640625e-07,9.5367431640625e-07,0.0
0.0,1.9073486328125e-06,0.0
0.0,2.1457672119140625e-06,0.0
1.1920928955078125e-06,2.1457672119140625e-06,9.5367431640625e-07
9.5367431640625e-07,1.6689300537109375e-06,2.1457672119140625e-06
9.5367431640625e-07,2.1457672119140625e-06,7.152557373046875e-07
0.0,1.9073486328125e-06,9.5367431640625e-07
0.0,2.1457672119140625e-06,9.5367431640625e-07
1.1920928955078125e-06,2.1457672119140625e-06,0.0
9.5367431640625e-07,1.6689300537109375e-06,9.5367431640625e-07
7.152557373046875e-07,3.0994415283203125e-06,9.5367431640625e-07
9.5367431640625e-07,2.1457672119140625e-06,1.1920928955078125e-06
0.0,1.9073486328125e-06,9.5367431640625e-07
0.0,1.9073486328125e-06,9.5367431640625e-07
9.5367431640625e-07,1.9073486328125e-06,0.0
9.5367431640625e-07,3.0994415283203125e-06,9.5367431640625e-07
1.1920928955078125e-06,1.9073486328125e-06,0.0
9.5367431640625e-07,3.0994415283203125e-06,7.152557373046875e-07
0.0,1.9073486328125e-06,0.0
9.5367431640625e-07,3.0994415283203125e-06,1.1920928955078125e-06
1.1920928955078125e-06,2.86102294921875e-06,9.5367431640625e-07
9.5367431640625e-07,3.0994415283203125e-06,1.1920928955078125e-06
7.152557373046875e-07,1.9073486328125e-06,0.0
9.5367431640625e-07,2.1457672119140625e-06,9.5367431640625e-07
0.0,3.0994415283203125e-06,0.0
0.0,3.0994415283203125e-06,9.5367431640625e-07
9.5367431640625e-07,2.6226043701171875e-06,1.1920928955078125e-06
9.5367431640625e-07,3.0994415283203125e-06,9.5367431640625e-07
1.1920928955078125e-06,3.0994415283203125e-06,7.152557373046875e-07
9.5367431640625e-07,2.86102294921875e-06,1.1920928955078125e-06
0.0,3.0994415283203125e-06,9.5367431640625e-07
0.0,3.0994415283203125e-06,9.5367431640625e-07
9.5367431640625e-07,3.0994415283203125e-06,9.5367431640625e-07
1.1920928955078125e-06,3.0994415283203125e-06,1.1920928955078125e-06
9.5367431640625e-07,3.0994415283203125e-06,0.0
7.152557373046875e-07,2.86102294921875e-06,9.5367431640625e-07
1.1920928955078125e-06,2.86102294921875e-06,1.1920928955078125e-06
0.0,2.86102294921875e-06,9.5367431640625e-07
0.0,4.291534423828125e-06,9.5367431640625e-07
9.5367431640625e-07,2.6226043701171875e-06,7.152557373046875e-07
9.5367431640625e-07,4.291534423828125e-06,0.0
1.1920928955078125e-06,2.86102294921875e-06,9.5367431640625e-07
9.5367431640625e-07,4.0531158447265625e-06,0.0
0.0,2.86102294921875e-06,0.0
0.0,3.0994415283203125e-06,0.0
1.1920928955078125e-06,3.814697265625e-06,9.5367431640625e-07
9.5367431640625e-07,4.0531158447265625e-06,0.0
7.152557373046875e-07,3.0994415283203125e-06,2.1457672119140625e-06
9.5367431640625e-07,3.814697265625e-06,9.5367431640625e-07
2.1457672119140625e-06,4.0531158447265625e-06,7.152557373046875e-07
9.5367431640625e-07,3.814697265625e-06,1.1920928955078125e-06
1.1920928955078125e-06,4.0531158447265625e-06,1.9073486328125e-06
9.5367431640625e-07,4.291534423828125e-06,9.5367431640625e-07
0.0,3.814697265625e-06,1.1920928955078125e-06
0.0,4.0531158447265625e-06,9.5367431640625e-07
9.5367431640625e-07,4.0531158447265625e-06,9.5367431640625e-07
1.1920928955078125e-06,3.814697265625e-06,1.1920928955078125e-06
9.5367431640625e-07,4.291534423828125e-06,9.5367431640625e-07
7.152557373046875e-07,3.814697265625e-06,9.5367431640625e-07
0.0,4.0531158447265625e-06,7.152557373046875e-07
0.0,4.0531158447265625e-06,1.1920928955078125e-06
9.5367431640625e-07,5.0067901611328125e-06,9.5367431640625e-07
9.5367431640625e-07,4.0531158447265625e-06,9.5367431640625e-07
9.5367431640625e-07,4.76837158203125e-06,1.1920928955078125e-06
1.1920928955078125e-06,4.291534423828125e-06,9.5367431640625e-07
0.0,4.76837158203125e-06,9.5367431640625e-07
0.0,4.0531158447265625e-06,0.0
9.5367431640625e-07,5.245208740234375e-06,9.5367431640625e-07
1.1920928955078125e-06,4.76837158203125e-06,0.0
9.5367431640625e-07,5.0067901611328125e-06,7.152557373046875e-07
9.5367431640625e-07,4.0531158447265625e-06,1.1920928955078125e-06
0.0,4.0531158447265625e-06,9.5367431640625e-07
0.0,4.76837158203125e-06,9.5367431640625e-07
1.1920928955078125e-06,5.245208740234375e-06,1.1920928955078125e-06
9.5367431640625e-07,4.76837158203125e-06,9.5367431640625e-07
9.5367431640625e-07,5.245208740234375e-06,9.5367431640625e-07
0.0,4.76837158203125e-06,9.5367431640625e-07
0.0,5.245208740234375e-06,1.1920928955078125e-06
9.5367431640625e-07,4.76837158203125e-06,9.5367431640625e-07
9.5367431640625e-07,5.245208740234375e-06,9.5367431640625e-07
1.1920928955078125e-06,4.76837158203125e-06,9.5367431640625e-07
9.5367431640625e-07,5.245208740234375e-06,9.5367431640625e-07
0.0,5.0067901611328125e-06,9.5367431640625e-07
0.0,5.9604644775390625e-06,9.5367431640625e-07
9.5367431640625e-07,4.76837158203125e-06,0.0
9.5367431640625e-07,5.245208740234375e-06,9.5367431640625e-07
9.5367431640625e-07,5.7220458984375e-06,0.0
0.0,5.245208740234375e-06,1.1920928955078125e-06
0.0,5.9604644775390625e-06,0.0
9.5367431640625e-07,5.0067901611328125e-06,9.5367431640625e-07
9.5367431640625e-07,5.9604644775390625e-06,9.5367431640625e-07
9.5367431640625e-07,5.245208740234375e-06,9.5367431640625e-07
0.0,4.76837158203125e-06,9.5367431640625e-07
0.0,6.198883056640625e-06,9.5367431640625e-07
9.5367431640625e-07,5.9604644775390625e-06,1.1920928955078125e-06
9.5367431640625e-07,6.198883056640625e-06,9.5367431640625e-07
9.5367431640625e-07,5.7220458984375e-06,9.5367431640625e-07
0.0,5.9604644775390625e-06,9.5367431640625e-07
0.0,6.198883056640625e-06,1.1920928955078125e-06
9.5367431640625e-07,5.7220458984375e-06,9.5367431640625e-07
9.5367431640625e-07,6.198883056640625e-06,9.5367431640625e-07
1.1920928955078125e-06,5.9604644775390625e-06,1.1920928955078125e-06
9.5367431640625e-07,6.198883056640625e-06,7.152557373046875e-07
0.0,5.7220458984375e-06,9.5367431640625e-07
0.0,6.198883056640625e-06,9.5367431640625e-07
1.1920928955078125e-06,6.198883056640625e-06,1.1920928955078125e-06
9.5367431640625e-07,5.9604644775390625e-06,9.5367431640625e-07
9.5367431640625e-07,7.152557373046875e-06,9.5367431640625e-07
9.5367431640625e-07,5.9604644775390625e-06,1.1920928955078125e-06
0.0,5.7220458984375e-06,9.5367431640625e-07
0.0,5.9604644775390625e-06,9.5367431640625e-07
0.0,6.9141387939453125e-06,1.1920928955078125e-06
9.5367431640625e-07,6.198883056640625e-06,7.152557373046875e-07
1.1920928955078125e-06,6.9141387939453125e-06,9.5367431640625e-07
9.5367431640625e-07,6.9141387939453125e-06,9.5367431640625e-07
9.5367431640625e-07,6.198883056640625e-06,1.1920928955078125e-06
0.0,6.9141387939453125e-06,9.5367431640625e-07
0.0,6.9141387939453125e-06,9.5367431640625e-07
1.1920928955078125e-06,7.152557373046875e-06,9.5367431640625e-07
9.5367431640625e-07,6.9141387939453125e-06,1.1920928955078125e-06
9.5367431640625e-07,6.198883056640625e-06,9.5367431640625e-07
0.0,7.152557373046875e-06,9.5367431640625e-07
0.0,6.9141387939453125e-06,0.0
9.5367431640625e-07,7.152557373046875e-06,7.152557373046875e-07
9.5367431640625e-07,6.9141387939453125e-06,0.0
9.5367431640625e-07,6.9141387939453125e-06,0.0
1.1920928955078125e-06,7.152557373046875e-06,0.0
0.0,6.9141387939453125e-06,1.1920928955078125e-06
0.0,6.9141387939453125e-06,0.0
9.5367431640625e-07,7.867813110351562e-06,9.5367431640625e-07
1.1920928955078125e-06,7.152557373046875e-06,1.1920928955078125e-06
9.5367431640625e-07,6.9141387939453125e-06,9.5367431640625e-07
0.0,8.106231689453125e-06,2.1457672119140625e-06
0.0,7.152557373046875e-06,7.152557373046875e-07
1.1920928955078125e-06,7.867813110351562e-06,9.5367431640625e-07
7.152557373046875e-07,7.867813110351562e-06,9.5367431640625e-07
9.5367431640625e-07,7.152557373046875e-06,1.1920928955078125e-06
9.5367431640625e-07,7.152557373046875e-06,9.5367431640625e-07
1.1920928955078125e-06,7.867813110351562e-06,9.5367431640625e-07
9.5367431640625e-07,7.867813110351562e-06,1.1920928955078125e-06
0.0,8.344650268554688e-06,9.5367431640625e-07
0.0,6.9141387939453125e-06,9.5367431640625e-07
9.5367431640625e-07,7.867813110351562e-06,0.0
1.1920928955078125e-06,7.867813110351562e-06,1.1920928955078125e-06
9.5367431640625e-07,8.106231689453125e-06,0.0
9.5367431640625e-07,8.106231689453125e-06,9.5367431640625e-07
0.0,7.867813110351562e-06,0.0
0.0,7.867813110351562e-06,1.9073486328125e-06
7.152557373046875e-07,8.106231689453125e-06,0.0
9.5367431640625e-07,7.867813110351562e-06,9.5367431640625e-07
9.5367431640625e-07,3.504753112792969e-05,0.0
1.1920928955078125e-06,8.106231689453125e-06,9.5367431640625e-07
0.0,8.106231689453125e-06,0.0
0.0,8.106231689453125e-06,1.1920928955078125e-06
9.5367431640625e-07,8.821487426757812e-06,0.0
1.1920928955078125e-06,7.867813110351562e-06,7.152557373046875e-07
9.5367431640625e-07,9.059906005859375e-06,0.0
9.5367431640625e-07,8.106231689453125e-06,1.1920928955078125e-06
0.0,9.059906005859375e-06,9.5367431640625e-07
0.0,7.867813110351562e-06,9.5367431640625e-07
9.5367431640625e-07,7.867813110351562e-06,1.1920928955078125e-06
7.152557373046875e-07,8.821487426757812e-06,9.5367431640625e-07
9.5367431640625e-07,9.298324584960938e-06,9.5367431640625e-07
1.1920928955078125e-06,7.867813110351562e-06,9.5367431640625e-07
0.0,7.867813110351562e-06,0.0
0.0,8.106231689453125e-06,9.5367431640625e-07
9.5367431640625e-07,8.821487426757812e-06,7.152557373046875e-07
1.1920928955078125e-06,9.059906005859375e-06,1.1920928955078125e-06
9.5367431640625e-07,9.059906005859375e-06,9.5367431640625e-07
9.5367431640625e-07,9.059906005859375e-06,9.5367431640625e-07
0.0,8.821487426757812e-06,9.5367431640625e-07
0.0,9.059906005859375e-06,1.1920928955078125e-06
1.1920928955078125e-06,8.106231689453125e-06,9.5367431640625e-07
7.152557373046875e-07,9.059906005859375e-06,9.5367431640625e-07
9.5367431640625e-07,8.821487426757812e-06,1.1920928955078125e-06
0.0,9.298324584960938e-06,9.5367431640625e-07
9.5367431640625e-07,1.0013580322265625e-05,7.152557373046875e-07
0.0,8.821487426757812e-06,9.5367431640625e-07
9.5367431640625e-07,9.059906005859375e-06,1.1920928955078125e-06
1.1920928955078125e-06,9.059906005859375e-06,9.5367431640625e-07
9.5367431640625e-07,8.821487426757812e-06,9.5367431640625e-07
9.5367431640625e-07,8.821487426757812e-06,1.1920928955078125e-06
0.0,1.0013580322265625e-05,0.0
0.0,1.0013580322265625e-05,9.5367431640625e-07
9.5367431640625e-07,9.298324584960938e-06,0.0
7.152557373046875e-07,9.775161743164062e-06,1.9073486328125e-06
9.5367431640625e-07,1.0013580322265625e-05,0.0
1.1920928955078125e-06,1.0013580322265625e-05,1.9073486328125e-06
0.0,1.0013580322265625e-05,0.0
0.0,9.059906005859375e-06,9.5367431640625e-07
9.5367431640625e-07,8.821487426757812e-06,0.0
1.1920928955078125e-06,8.821487426757812e-06,1.1920928955078125e-06
9.5367431640625e-07,1.0013580322265625e-05,0.0
9.5367431640625e-07,9.775161743164062e-06,9.5367431640625e-07
0.0,1.0013580322265625e-05,0.0
0.0,1.0013580322265625e-05,1.1920928955078125e-06
0.0,1.0967254638671875e-05,7.152557373046875e-07
0.0,1.0013580322265625e-05,9.5367431640625e-07
9.5367431640625e-07,1.0013580322265625e-05,0.0
1.1920928955078125e-06,1.0967254638671875e-05,9.5367431640625e-07
9.5367431640625e-07,1.0013580322265625e-05,0.0
9.5367431640625e-07,1.0967254638671875e-05,1.1920928955078125e-06
0.0,1.0013580322265625e-05,0.0
0.0,1.0967254638671875e-05,9.5367431640625e-07
1.1920928955078125e-06,1.0013580322265625e-05,0.0
9.5367431640625e-07,9.775161743164062e-06,9.5367431640625e-07
9.5367431640625e-07,1.1205673217773438e-05,0.0
1.1920928955078125e-06,1.0967254638671875e-05,7.152557373046875e-07
0.0,1.0967254638671875e-05,0.0
0.0,1.0967254638671875e-05,2.1457672119140625e-06
7.152557373046875e-07,1.0967254638671875e-05,0.0
9.5367431640625e-07,1.0967254638671875e-05,2.1457672119140625e-06
1.1920928955078125e-06,1.0013580322265625e-05,0.0
9.5367431640625e-07,9.775161743164062e-06,9.5367431640625e-07
9.5367431640625e-07,1.0013580322265625e-05,0.0
0.0,1.0967254638671875e-05,2.1457672119140625e-06
0.0,1.2159347534179688e-05,0.0
9.5367431640625e-07,1.1920928955078125e-05,9.5367431640625e-07
9.5367431640625e-07,1.0967254638671875e-05,0.0
1.1920928955078125e-06,1.0967254638671875e-05,9.5367431640625e-07
9.5367431640625e-07,1.2159347534179688e-05,0.0
0.0,1.0967254638671875e-05,9.5367431640625e-07
0.0,1.1920928955078125e-05,1.1920928955078125e-06
7.152557373046875e-07,1.0967254638671875e-05,9.5367431640625e-07
1.1920928955078125e-06,1.0967254638671875e-05,9.5367431640625e-07
9.5367431640625e-07,1.2159347534179688e-05,1.1920928955078125e-06
9.5367431640625e-07,1.1920928955078125e-05,9.5367431640625e-07
0.0,1.0967254638671875e-05,9.5367431640625e-07
0.0,1.1205673217773438e-05,9.5367431640625e-07
0.0,1.1920928955078125e-05,9.5367431640625e-07
9.5367431640625e-07,1.2159347534179688e-05,9.5367431640625e-07
9.5367431640625e-07,1.1920928955078125e-05,9.5367431640625e-07
1.1920928955078125e-06,1.1682510375976562e-05,1.1920928955078125e-06
9.5367431640625e-07,1.2159347534179688e-05,9.5367431640625e-07
0.0,1.1920928955078125e-05,9.5367431640625e-07
0.0,1.2159347534179688e-05,9.5367431640625e-07
9.5367431640625e-07,1.2159347534179688e-05,1.1920928955078125e-06
9.5367431640625e-07,1.1920928955078125e-05,9.5367431640625e-07
9.5367431640625e-07,1.2159347534179688e-05,0.0
9.5367431640625e-07,1.1682510375976562e-05,9.5367431640625e-07
1.1920928955078125e-06,1.2159347534179688e-05,0.0
0.0,1.2874603271484375e-05,9.5367431640625e-07
0.0,1.2159347534179688e-05,0.0
9.5367431640625e-07,1.3113021850585938e-05,2.1457672119140625e-06
1.1920928955078125e-06,1.2636184692382812e-05,0.0
9.5367431640625e-07,1.2159347534179688e-05,1.1920928955078125e-06
9.5367431640625e-07,1.3113021850585938e-05,0.0
0.0,1.2874603271484375e-05,9.5367431640625e-07
0.0,1.3113021850585938e-05,0.0
1.1920928955078125e-06,1.2874603271484375e-05,7.152557373046875e-07
9.5367431640625e-07,1.3113021850585938e-05,0.0
9.5367431640625e-07,1.2874603271484375e-05,9.5367431640625e-07
1.1920928955078125e-06,1.3113021850585938e-05,0.0
9.5367431640625e-07,1.3113021850585938e-05,9.5367431640625e-07
0.0,1.2636184692382812e-05,0.0
0.0,1.430511474609375e-05,1.1920928955078125e-06
9.5367431640625e-07,1.2874603271484375e-05,0.0
1.1920928955078125e-06,1.3113021850585938e-05,1.9073486328125e-06
9.5367431640625e-07,1.2874603271484375e-05,0.0
9.5367431640625e-07,1.3113021850585938e-05,9.5367431640625e-07
0.0,1.4066696166992188e-05,0.0
0.0,1.3113021850585938e-05,9.5367431640625e-07
9.5367431640625e-07,1.3828277587890625e-05,0.0
9.5367431640625e-07,1.2874603271484375e-05,1.1920928955078125e-06
9.5367431640625e-07,1.4066696166992188e-05,0.0
1.1920928955078125e-06,1.3828277587890625e-05,9.5367431640625e-07
9.5367431640625e-07,1.4066696166992188e-05,0.0
0.0,1.3113021850585938e-05,1.1920928955078125e-06
0.0,1.2874603271484375e-05,0.0
1.1920928955078125e-06,1.2874603271484375e-05,2.1457672119140625e-06
9.5367431640625e-07,1.4066696166992188e-05,0.0
9.5367431640625e-07,1.4066696166992188e-05,1.6689300537109375e-06
7.152557373046875e-07,1.3828277587890625e-05,9.5367431640625e-07
1.1920928955078125e-06,1.5020370483398438e-05,1.1920928955078125e-06
9.5367431640625e-07,1.3828277587890625e-05,9.5367431640625e-07
9.5367431640625e-07,1.4066696166992188e-05,9.5367431640625e-07
1.1920928955078125e-06,1.4066696166992188e-05,1.1920928955078125e-06
0.0,1.3828277587890625e-05,9.5367431640625e-07
0.0,1.4066696166992188e-05,9.5367431640625e-07
9.5367431640625e-07,1.4066696166992188e-05,9.5367431640625e-07
9.5367431640625e-07,1.3828277587890625e-05,1.1920928955078125e-06
1.1920928955078125e-06,1.4066696166992188e-05,7.152557373046875e-07
9.5367431640625e-07,1.5020370483398438e-05,9.5367431640625e-07
9.5367431640625e-07,1.3828277587890625e-05,1.1920928955078125e-06
0.0,1.4066696166992188e-05,9.5367431640625e-07
0.0,1.5020370483398438e-05,9.5367431640625e-07
9.5367431640625e-07,1.4781951904296875e-05,9.5367431640625e-07
9.5367431640625e-07,1.52587890625e-05,1.1920928955078125e-06
9.5367431640625e-07,1.4781951904296875e-05,9.5367431640625e-07
1.1920928955078125e-06,1.5020370483398438e-05,9.5367431640625e-07
9.5367431640625e-07,1.5020370483398438e-05,1.1920928955078125e-06
0.0,1.5020370483398438e-05,9.5367431640625e-07
0.0,1.5020370483398438e-05,7.152557373046875e-07
1.1920928955078125e-06,1.4781951904296875e-05,9.5367431640625e-07
9.5367431640625e-07,1.5020370483398438e-05,3.0994415283203125e-06
9.5367431640625e-07,1.5974044799804688e-05,9.5367431640625e-07
1.1920928955078125e-06,1.621246337890625e-05,9.5367431640625e-07
7.152557373046875e-07,1.5735626220703125e-05,1.1920928955078125e-06
0.0,1.621246337890625e-05,9.5367431640625e-07
0.0,1.4781951904296875e-05,7.152557373046875e-07
9.5367431640625e-07,1.621246337890625e-05,9.5367431640625e-07
9.5367431640625e-07,1.5735626220703125e-05,1.1920928955078125e-06
9.5367431640625e-07,1.52587890625e-05,9.5367431640625e-07
1.1920928955078125e-06,1.4781951904296875e-05,2.1457672119140625e-06
9.5367431640625e-07,1.621246337890625e-05,9.5367431640625e-07
9.5367431640625e-07,1.5735626220703125e-05,9.5367431640625e-07
0.0,1.621246337890625e-05,9.5367431640625e-07
0.0,1.5974044799804688e-05,2.86102294921875e-06
1.1920928955078125e-06,1.5974044799804688e-05,9.5367431640625e-07
7.152557373046875e-07,1.5974044799804688e-05,1.1920928955078125e-06
9.5367431640625e-07,1.5974044799804688e-05,9.5367431640625e-07
1.1920928955078125e-06,1.5735626220703125e-05,9.5367431640625e-07
9.5367431640625e-07,1.621246337890625e-05,1.1920928955078125e-06
0.0,1.5974044799804688e-05,9.5367431640625e-07
0.0,1.6927719116210938e-05,9.5367431640625e-07
9.5367431640625e-07,1.5974044799804688e-05,1.1920928955078125e-06
1.1920928955078125e-06,1.71661376953125e-05,9.5367431640625e-07
9.5367431640625e-07,1.5974044799804688e-05,7.152557373046875e-07
9.5367431640625e-07,1.621246337890625e-05,0.0
1.1920928955078125e-06,1.6689300537109375e-05,1.1920928955078125e-06
7.152557373046875e-07,1.5974044799804688e-05,0.0
0.0,1.71661376953125e-05,9.5367431640625e-07
0.0,1.6927719116210938e-05,0.0
9.5367431640625e-07,1.71661376953125e-05,1.9073486328125e-06
1.1920928955078125e-06,1.6927719116210938e-05,0.0
9.5367431640625e-07,1.71661376953125e-05,1.1920928955078125e-06
9.5367431640625e-07,1.6689300537109375e-05,0.0
1.1920928955078125e-06,1.6927719116210938e-05,7.152557373046875e-07
0.0,1.71661376953125e-05,0.0
0.0,1.6927719116210938e-05,9.5367431640625e-07
9.5367431640625e-07,1.71661376953125e-05,0.0
9.5367431640625e-07,1.6927719116210938e-05,9.5367431640625e-07
1.1920928955078125e-06,1.7881393432617188e-05,0.0
7.152557373046875e-07,1.71661376953125e-05,9.5367431640625e-07
9.5367431640625e-07,1.6927719116210938e-05,9.5367431640625e-07
0.0,1.7881393432617188e-05,1.1920928955078125e-06
0.0,1.71661376953125e-05,9.5367431640625e-07
9.5367431640625e-07,1.6927719116210938e-05,9.5367431640625e-07
9.5367431640625e-07,1.7881393432617188e-05,1.9073486328125e-06
9.5367431640625e-07,1.71661376953125e-05,1.9073486328125e-06
1.1920928955078125e-06,1.7881393432617188e-05,0.0
9.5367431640625e-07,1.811981201171875e-05,9.5367431640625e-07
0.0,1.811981201171875e-05,0.0
0.0,1.7881393432617188e-05,9.5367431640625e-07
1.1920928955078125e-06,1.7881393432617188e-05,0.0
7.152557373046875e-07,1.811981201171875e-05,9.5367431640625e-07
9.5367431640625e-07,1.7881393432617188e-05,9.5367431640625e-07
9.5367431640625e-07,1.811981201171875e-05,9.5367431640625e-07
1.1920928955078125e-06,1.811981201171875e-05,9.5367431640625e-07
0.0,1.7881393432617188e-05,9.5367431640625e-07
0.0,1.7881393432617188e-05,9.5367431640625e-07
9.5367431640625e-07,1.811981201171875e-05,1.1920928955078125e-06
1.1920928955078125e-06,1.811981201171875e-05,9.5367431640625e-07
9.5367431640625e-07,1.7881393432617188e-05,9.5367431640625e-07
9.5367431640625e-07,1.9073486328125e-05,1.1920928955078125e-06
1.1920928955078125e-06,1.811981201171875e-05,9.5367431640625e-07
9.5367431640625e-07,1.8835067749023438e-05,9.5367431640625e-07
0.0,1.9073486328125e-05,2.86102294921875e-06
0.0,1.8835067749023438e-05,9.5367431640625e-07
9.5367431640625e-07,1.811981201171875e-05,1.1920928955078125e-06
1.1920928955078125e-06,1.811981201171875e-05,9.5367431640625e-07
9.5367431640625e-07,1.9073486328125e-05,9.5367431640625e-07
9.5367431640625e-07,1.8835067749023438e-05,1.1920928955078125e-06
1.1920928955078125e-06,1.9073486328125e-05,9.5367431640625e-07
0.0,1.9073486328125e-05,9.5367431640625e-07
0.0,1.9073486328125e-05,9.5367431640625e-07
9.5367431640625e-07,1.8835067749023438e-05,9.5367431640625e-07
9.5367431640625e-07,1.9073486328125e-05,9.5367431640625e-07
1.1920928955078125e-06,1.8835067749023438e-05,0.0
9.5367431640625e-07,1.9073486328125e-05,9.5367431640625e-07
7.152557373046875e-07,2.0265579223632812e-05,0.0
9.5367431640625e-07,1.8835067749023438e-05,9.5367431640625e-07
0.0,1.9073486328125e-05,0.0
0.0,2.002716064453125e-05,9.5367431640625e-07
9.5367431640625e-07,1.9788742065429688e-05,0.0
9.5367431640625e-07,1.9073486328125e-05,1.9073486328125e-06
1.1920928955078125e-06,1.9311904907226562e-05,9.5367431640625e-07
9.5367431640625e-07,1.9788742065429688e-05,9.5367431640625e-07
9.5367431640625e-07,2.002716064453125e-05,1.1920928955078125e-06
0.0,2.002716064453125e-05,9.5367431640625e-07
0.0,2.002716064453125e-05,0.0
0.0,2.002716064453125e-05,1.1920928955078125e-06
9.5367431640625e-07,2.002716064453125e-05,0.0
7.152557373046875e-07,2.09808349609375e-05,9.5367431640625e-07
1.1920928955078125e-06,2.09808349609375e-05,0.0
9.5367431640625e-07,2.09808349609375e-05,1.9073486328125e-06
9.5367431640625e-07,1.9788742065429688e-05,0.0
0.0,2.09808349609375e-05,2.1457672119140625e-06
0.0,2.0265579223632812e-05,0.0
9.5367431640625e-07,2.09808349609375e-05,9.5367431640625e-07
9.5367431640625e-07,2.09808349609375e-05,0.0
9.5367431640625e-07,2.002716064453125e-05,1.1920928955078125e-06
1.1920928955078125e-06,2.002716064453125e-05,0.0
9.5367431640625e-07,2.09808349609375e-05,9.5367431640625e-07
0.0,2.09808349609375e-05,0.0
0.0,2.09808349609375e-05,7.152557373046875e-07
1.1920928955078125e-06,2.09808349609375e-05,9.5367431640625e-07
9.5367431640625e-07,2.09808349609375e-05,9.5367431640625e-07
9.5367431640625e-07,2.09808349609375e-05,1.1920928955078125e-06
9.5367431640625e-07,2.2172927856445312e-05,9.5367431640625e-07
1.1920928955078125e-06,2.09808349609375e-05,0.0
9.5367431640625e-07,2.09808349609375e-05,2.1457672119140625e-06
0.0,2.193450927734375e-05,9.5367431640625e-07
0.0,2.09808349609375e-05,1.1920928955078125e-06
0.0,2.09808349609375e-05,9.5367431640625e-07
9.5367431640625e-07,2.09808349609375e-05,7.152557373046875e-07
9.5367431640625e-07,2.193450927734375e-05,9.5367431640625e-07
7.152557373046875e-07,2.09808349609375e-05,1.1920928955078125e-06
1.1920928955078125e-06,2.193450927734375e-05,9.5367431640625e-07
9.5367431640625e-07,2.09808349609375e-05,9.5367431640625e-07
0.0,2.09808349609375e-05,9.5367431640625e-07
0.0,2.193450927734375e-05,1.1920928955078125e-06
0.0,2.193450927734375e-05,9.5367431640625e-07
9.5367431640625e-07,2.2172927856445312e-05,9.5367431640625e-07
9.5367431640625e-07,2.193450927734375e-05,0.0
9.5367431640625e-07,2.1696090698242188e-05,7.152557373046875e-07
1.1920928955078125e-06,2.2172927856445312e-05,0.0
9.5367431640625e-07,2.193450927734375e-05,2.1457672119140625e-06
0.0,2.3126602172851562e-05,0.0
0.0,2.193450927734375e-05,1.9073486328125e-06
1.1920928955078125e-06,2.193450927734375e-05,2.1457672119140625e-06
9.5367431640625e-07,2.3126602172851562e-05,9.5367431640625e-07
9.5367431640625e-07,2.3126602172851562e-05,1.1920928955078125e-06
9.5367431640625e-07,2.4080276489257812e-05,9.5367431640625e-07
1.1920928955078125e-06,2.2649765014648438e-05,7.152557373046875e-07
9.5367431640625e-07,2.3126602172851562e-05,9.5367431640625e-07
9.5367431640625e-07,2.288818359375e-05,0.0
9.5367431640625e-07,2.3126602172851562e-05,1.9073486328125e-06
9.5367431640625e-07,2.193450927734375e-05,2.1457672119140625e-06
0.0,2.3126602172851562e-05,9.5367431640625e-07
0.0,2.3126602172851562e-05,9.5367431640625e-07
0.0,2.2649765014648438e-05,1.1920928955078125e-06
9.5367431640625e-07,2.3126602172851562e-05,7.152557373046875e-07
9.5367431640625e-07,2.2172927856445312e-05,9.5367431640625e-07
1.1920928955078125e-06,2.288818359375e-05,1.1920928955078125e-06
9.5367431640625e-07,2.3126602172851562e-05,2.86102294921875e-06
9.5367431640625e-07,2.3126602172851562e-05,1.1920928955078125e-06
0.0,2.384185791015625e-05,9.5367431640625e-07
0.0,4.506111145019531e-05,9.5367431640625e-07
9.5367431640625e-07,4.38690185546875e-05,1.1920928955078125e-06
9.5367431640625e-07,5.7220458984375e-05,9.5367431640625e-07
9.5367431640625e-07,2.384185791015625e-05,7.152557373046875e-07
9.5367431640625e-07,2.288818359375e-05,9.5367431640625e-07
9.5367431640625e-07,6.699562072753906e-05,1.1920928955078125e-06
9.5367431640625e-07,3.790855407714844e-05,9.5367431640625e-07
0.0,2.4080276489257812e-05,9.5367431640625e-07
0.0,2.4080276489257812e-05,0.0
9.5367431640625e-07,2.3603439331054688e-05,9.5367431640625e-07
9.5367431640625e-07,2.4080276489257812e-05,0.0
9.5367431640625e-07,2.4080276489257812e-05,2.1457672119140625e-06
1.1920928955078125e-06,2.4080276489257812e-05,0.0
9.5367431640625e-07,2.384185791015625e-05,7.152557373046875e-07
0.0,2.4080276489257812e-05,0.0
0.0,2.5033950805664062e-05,9.5367431640625e-07
1.1920928955078125e-06,2.4080276489257812e-05,9.5367431640625e-07
7.152557373046875e-07,2.384185791015625e-05,9.5367431640625e-07
9.5367431640625e-07,2.5033950805664062e-05,1.1920928955078125e-06
9.5367431640625e-07,2.4080276489257812e-05,9.5367431640625e-07
1.1920928955078125e-06,2.47955322265625e-05,9.5367431640625e-07
0.0,2.4080276489257812e-05,1.1920928955078125e-06
0.0,2.4080276489257812e-05,9.5367431640625e-07
0.0,2.47955322265625e-05,9.5367431640625e-07
1.1920928955078125e-06,2.5033950805664062e-05,7.152557373046875e-07
9.5367431640625e-07,2.4080276489257812e-05,1.1920928955078125e-06
9.5367431640625e-07,2.4080276489257812e-05,9.5367431640625e-07
9.5367431640625e-07,2.47955322265625e-05,9.5367431640625e-07
9.5367431640625e-07,2.5033950805664062e-05,1.1920928955078125e-06
0.0,2.5272369384765625e-05,9.5367431640625e-07
0.0,2.5033950805664062e-05,9.5367431640625e-07
9.5367431640625e-07,2.5033950805664062e-05,1.1920928955078125e-06
1.1920928955078125e-06,2.5033950805664062e-05,0.0
9.5367431640625e-07,2.5033950805664062e-05,9.5367431640625e-07
9.5367431640625e-07,2.7179718017578125e-05,0.0
9.5367431640625e-07,2.574920654296875e-05,2.1457672119140625e-06
1.1920928955078125e-06,2.5033950805664062e-05,0.0
0.0,2.5987625122070312e-05,1.1920928955078125e-06
0.0,2.5033950805664062e-05,9.5367431640625e-07
9.5367431640625e-07,2.5987625122070312e-05,9.5367431640625e-07
1.1920928955078125e-06,2.5987625122070312e-05,9.5367431640625e-07
7.152557373046875e-07,2.5033950805664062e-05,1.1920928955078125e-06
9.5367431640625e-07,2.5987625122070312e-05,0.0
9.5367431640625e-07,2.5987625122070312e-05,1.9073486328125e-06
1.1920928955078125e-06,2.5987625122070312e-05,1.9073486328125e-06
0.0,2.5987625122070312e-05,2.1457672119140625e-06
0.0,2.6226043701171875e-05,9.5367431640625e-07
9.5367431640625e-07,2.574920654296875e-05,2.1457672119140625e-06
1.1920928955078125e-06,2.6226043701171875e-05,9.5367431640625e-07
9.5367431640625e-07,2.574920654296875e-05,1.6689300537109375e-06
9.5367431640625e-07,2.6226043701171875e-05,1.1920928955078125e-06
1.1920928955078125e-06,2.6941299438476562e-05,9.5367431640625e-07
7.152557373046875e-07,2.5987625122070312e-05,9.5367431640625e-07
0.0,2.6941299438476562e-05,3.0994415283203125e-06
0.0,2.5987625122070312e-05,9.5367431640625e-07
0.0,2.6941299438476562e-05,1.1920928955078125e-06
1.1920928955078125e-06,2.6226043701171875e-05,0.0
9.5367431640625e-07,2.574920654296875e-05,1.9073486328125e-06
9.5367431640625e-07,2.7179718017578125e-05,9.5367431640625e-07
1.1920928955078125e-06,2.6941299438476562e-05,9.5367431640625e-07
9.5367431640625e-07,2.7179718017578125e-05,9.5367431640625e-07
0.0,2.6702880859375e-05,1.1920928955078125e-06
0.0,2.6226043701171875e-05,9.5367431640625e-07
9.5367431640625e-07,2.6941299438476562e-05,9.5367431640625e-07
1.1920928955078125e-06,2.7179718017578125e-05,1.1920928955078125e-06
7.152557373046875e-07,2.6941299438476562e-05,1.9073486328125e-06
9.5367431640625e-07,2.6941299438476562e-05,0.0
9.5367431640625e-07,2.7894973754882812e-05,7.152557373046875e-07
1.1920928955078125e-06,2.6941299438476562e-05,9.5367431640625e-07
0.0,2.8133392333984375e-05,9.5367431640625e-07
0.0,2.6941299438476562e-05,1.1920928955078125e-06
9.5367431640625e-07,2.8133392333984375e-05,9.5367431640625e-07
1.1920928955078125e-06,2.7894973754882812e-05,9.5367431640625e-07
9.5367431640625e-07,2.7894973754882812e-05,9.5367431640625e-07
9.5367431640625e-07,2.7179718017578125e-05,1.1920928955078125e-06
1.1920928955078125e-06,2.6941299438476562e-05,1.9073486328125e-06
9.5367431640625e-07,2.8133392333984375e-05,0.0
0.0,2.7894973754882812e-05,7.152557373046875e-07
0.0,2.7894973754882812e-05,9.5367431640625e-07
9.5367431640625e-07,2.8133392333984375e-05,9.5367431640625e-07
1.1920928955078125e-06,2.7894973754882812e-05,1.1920928955078125e-06
9.5367431640625e-07,2.7894973754882812e-05,9.5367431640625e-07
9.5367431640625e-07,2.8133392333984375e-05,9.5367431640625e-07
1.1920928955078125e-06,2.7894973754882812e-05,1.1920928955078125e-06
9.5367431640625e-07,2.7894973754882812e-05,9.5367431640625e-07
0.0,2.8133392333984375e-05,2.1457672119140625e-06
0.0,2.7894973754882812e-05,0.0
0.0,2.7894973754882812e-05,9.5367431640625e-07
1.1920928955078125e-06,2.8133392333984375e-05,9.5367431640625e-07
9.5367431640625e-07,2.8848648071289062e-05,1.1920928955078125e-06
7.152557373046875e-07,2.7894973754882812e-05,9.5367431640625e-07
1.1920928955078125e-06,2.9325485229492188e-05,9.5367431640625e-07
9.5367431640625e-07,2.8848648071289062e-05,1.1920928955078125e-06
9.5367431640625e-07,2.8848648071289062e-05,1.9073486328125e-06
0.0,2.9325485229492188e-05,0.0
0.0,2.8848648071289062e-05,1.1920928955078125e-06
1.1920928955078125e-06,2.8848648071289062e-05,7.152557373046875e-07
9.5367431640625e-07,2.9087066650390625e-05,9.5367431640625e-07
9.5367431640625e-07,2.9087066650390625e-05,1.1920928955078125e-06
1.1920928955078125e-06,2.8848648071289062e-05,9.5367431640625e-07
9.5367431640625e-07,2.9087066650390625e-05,9.5367431640625e-07
7.152557373046875e-07,2.8848648071289062e-05,9.5367431640625e-07
0.0,2.9325485229492188e-05,0.0
0.0,2.8848648071289062e-05,1.9073486328125e-06
0.0,2.9087066650390625e-05,1.1920928955078125e-06
9.5367431640625e-07,2.9802322387695312e-05,7.152557373046875e-07
9.5367431640625e-07,2.9325485229492188e-05,9.5367431640625e-07
1.1920928955078125e-06,2.9802322387695312e-05,4.0531158447265625e-06
9.5367431640625e-07,3.0040740966796875e-05,1.1920928955078125e-06
9.5367431640625e-07,3.0040740966796875e-05,9.5367431640625e-07
9.5367431640625e-07,3.0994415283203125e-05,9.5367431640625e-07
0.0,3.1948089599609375e-05,9.5367431640625e-07
0.0,2.9802322387695312e-05,1.1920928955078125e-06
9.5367431640625e-07,3.0040740966796875e-05,7.152557373046875e-07
7.152557373046875e-07,3.0040740966796875e-05,0.0
0.0,3.0040740966796875e-05,2.1457672119140625e-06
9.5367431640625e-07,3.0040740966796875e-05,1.9073486328125e-06
9.5367431640625e-07,2.9802322387695312e-05,1.1920928955078125e-06
1.1920928955078125e-06,3.0040740966796875e-05,9.5367431640625e-07
9.5367431640625e-07,3.0279159545898438e-05,2.1457672119140625e-06
9.5367431640625e-07,2.9802322387695312e-05,0.0
1.1920928955078125e-06,2.9802322387695312e-05,7.152557373046875e-07
9.5367431640625e-07,3.0994415283203125e-05,9.5367431640625e-07
7.152557373046875e-07,3.0040740966796875e-05,1.1920928955078125e-06
0.0,3.0994415283203125e-05,9.5367431640625e-07
0.0,3.0994415283203125e-05,9.5367431640625e-07
1.1920928955078125e-06,3.0994415283203125e-05,1.1920928955078125e-06
9.5367431640625e-07,3.0040740966796875e-05,1.9073486328125e-06
9.5367431640625e-07,3.0040740966796875e-05,0.0
1.1920928955078125e-06,3.0994415283203125e-05,9.5367431640625e-07
9.5367431640625e-07,3.075599670410156e-05,9.5367431640625e-07
9.5367431640625e-07,3.0994415283203125e-05,7.152557373046875e-07
0.0,3.0994415283203125e-05,1.1920928955078125e-06
0.0,3.218650817871094e-05,1.9073486328125e-06
0.0,3.075599670410156e-05,1.1920928955078125e-06
9.5367431640625e-07,3.0994415283203125e-05,9.5367431640625e-07
7.152557373046875e-07,3.218650817871094e-05,0.0
1.1920928955078125e-06,3.0994415283203125e-05,1.1920928955078125e-06
9.5367431640625e-07,6.4849853515625e-05,9.5367431640625e-07
9.5367431640625e-07,6.985664367675781e-05,7.152557373046875e-07
1.1920928955078125e-06,3.1948089599609375e-05,1.1920928955078125e-06
0.0,3.123283386230469e-05,1.9073486328125e-06
0.0,3.123283386230469e-05,9.5367431640625e-07
0.0,3.1948089599609375e-05,2.1457672119140625e-06
9.5367431640625e-07,3.218650817871094e-05,9.5367431640625e-07
1.1920928955078125e-06,3.1948089599609375e-05,2.1457672119140625e-06
9.5367431640625e-07,3.1948089599609375e-05,9.5367431640625e-07
9.5367431640625e-07,3.1948089599609375e-05,7.152557373046875e-07
9.5367431640625e-07,3.1948089599609375e-05,1.1920928955078125e-06
9.5367431640625e-07,3.1948089599609375e-05,9.5367431640625e-07
0.0,3.1948089599609375e-05,9.5367431640625e-07
0.0,3.1948089599609375e-05,1.1920928955078125e-06
0.0,3.1948089599609375e-05,0.0
1.1920928955078125e-06,3.1948089599609375e-05,9.5367431640625e-07
9.5367431640625e-07,3.314018249511719e-05,1.1920928955078125e-06
9.5367431640625e-07,3.1948089599609375e-05,9.5367431640625e-07
1.1920928955078125e-06,3.2901763916015625e-05,7.152557373046875e-07
9.5367431640625e-07,3.1948089599609375e-05,1.1920928955078125e-06
9.5367431640625e-07,3.1948089599609375e-05,9.5367431640625e-07
0.0,3.2901763916015625e-05,9.5367431640625e-07
0.0,3.314018249511719e-05,0.0
0.0,3.314018249511719e-05,9.5367431640625e-07
9.5367431640625e-07,3.2901763916015625e-05,9.5367431640625e-07
9.5367431640625e-07,3.314018249511719e-05,1.1920928955078125e-06
1.1920928955078125e-06,3.266334533691406e-05,9.5367431640625e-07
9.5367431640625e-07,3.2901763916015625e-05,9.5367431640625e-07
9.5367431640625e-07,3.314018249511719e-05,7.152557373046875e-07
9.5367431640625e-07,3.314018249511719e-05,1.1920928955078125e-06
0.0,3.2901763916015625e-05,0.0
0.0,3.314018249511719e-05,2.1457672119140625e-06
9.5367431640625e-07,3.2901763916015625e-05,1.9073486328125e-06
9.5367431640625e-07,3.2901763916015625e-05,9.5367431640625e-07
9.5367431640625e-07,3.3855438232421875e-05,1.1920928955078125e-06
9.5367431640625e-07,3.2901763916015625e-05,1.9073486328125e-06
9.5367431640625e-07,3.409385681152344e-05,0.0
9.5367431640625e-07,3.409385681152344e-05,9.5367431640625e-07
1.1920928955078125e-06,3.409385681152344e-05,9.5367431640625e-07
0.0,3.2901763916015625e-05,9.5367431640625e-07
0.0,3.2901763916015625e-05,1.1920928955078125e-06
9.5367431640625e-07,3.314018249511719e-05,3.0994415283203125e-06
1.1920928955078125e-06,3.314018249511719e-05,9.5367431640625e-07
9.5367431640625e-07,3.314018249511719e-05,2.1457672119140625e-06
9.5367431640625e-07,3.409385681152344e-05,0.0
1.1920928955078125e-06,3.361701965332031e-05,9.5367431640625e-07
7.152557373046875e-07,3.409385681152344e-05,9.5367431640625e-07
9.5367431640625e-07,3.409385681152344e-05,2.1457672119140625e-06
0.0,3.409385681152344e-05,0.0
0.0,3.504753112792969e-05,2.1457672119140625e-06
1.1920928955078125e-06,3.3855438232421875e-05,9.5367431640625e-07
9.5367431640625e-07,3.504753112792969e-05,9.5367431640625e-07
9.5367431640625e-07,3.504753112792969e-05,9.5367431640625e-07
9.5367431640625e-07,3.504753112792969e-05,9.5367431640625e-07
1.1920928955078125e-06,3.4809112548828125e-05,9.5367431640625e-07
9.5367431640625e-07,3.504753112792969e-05,2.1457672119140625e-06
9.5367431640625e-07,3.3855438232421875e-05,0.0
0.0,3.361701965332031e-05,9.5367431640625e-07
0.0,3.504753112792969e-05,1.1920928955078125e-06
9.5367431640625e-07,3.504753112792969e-05,9.5367431640625e-07
9.5367431640625e-07,3.4809112548828125e-05,9.5367431640625e-07
9.5367431640625e-07,3.600120544433594e-05,1.1920928955078125e-06
1.1920928955078125e-06,3.504753112792969e-05,7.152557373046875e-07
9.5367431640625e-07,3.528594970703125e-05,1.9073486328125e-06
9.5367431640625e-07,3.5762786865234375e-05,0.0
0.0,3.600120544433594e-05,9.5367431640625e-07
9.5367431640625e-07,3.600120544433594e-05,9.5367431640625e-07
0.0,3.504753112792969e-05,1.1920928955078125e-06
0.0,3.600120544433594e-05,3.814697265625e-06
1.1920928955078125e-06,7.700920104980469e-05,9.5367431640625e-07
7.152557373046875e-07,6.604194641113281e-05,9.5367431640625e-07
9.5367431640625e-07,3.504753112792969e-05,2.1457672119140625e-06
9.5367431640625e-07,3.5762786865234375e-05,0.0
1.1920928955078125e-06,3.62396240234375e-05,9.5367431640625e-07
9.5367431640625e-07,3.600120544433594e-05,1.1920928955078125e-06
9.5367431640625e-07,3.5762786865234375e-05,9.5367431640625e-07
0.0,3.62396240234375e-05,9.5367431640625e-07
0.0,3.600120544433594e-05,1.1920928955078125e-06
9.5367431640625e-07,3.600120544433594e-05,7.152557373046875e-07
9.5367431640625e-07,3.600120544433594e-05,1.9073486328125e-06
9.5367431640625e-07,3.600120544433594e-05,1.1920928955078125e-06
1.1920928955078125e-06,3.600120544433594e-05,9.5367431640625e-07
7.152557373046875e-07,3.695487976074219e-05,9.5367431640625e-07
9.5367431640625e-07,3.600120544433594e-05,2.1457672119140625e-06
1.1920928955078125e-06,3.695487976074219e-05,9.5367431640625e-07
9.5367431640625e-07,3.695487976074219e-05,1.1920928955078125e-06
0.0,3.600120544433594e-05,9.5367431640625e-07
0.0,3.719329833984375e-05,1.6689300537109375e-06
9.5367431640625e-07,3.695487976074219e-05,0.0
1.1920928955078125e-06,3.600120544433594e-05,1.9073486328125e-06
9.5367431640625e-07,3.695487976074219e-05,1.1920928955078125e-06
9.5367431640625e-07,3.695487976074219e-05,1.9073486328125e-06
1.1920928955078125e-06,3.695487976074219e-05,9.5367431640625e-07
9.5367431640625e-07,3.719329833984375e-05,1.1920928955078125e-06
7.152557373046875e-07,3.790855407714844e-05,9.5367431640625e-07
0.0,3.695487976074219e-05,2.86102294921875e-06
0.0,3.695487976074219e-05,9.5367431640625e-07
0.0,3.719329833984375e-05,9.5367431640625e-07
9.5367431640625e-07,3.886222839355469e-05,1.1920928955078125e-06
9.5367431640625e-07,4.00543212890625e-05,9.5367431640625e-07
1.1920928955078125e-06,3.814697265625e-05,0.0
9.5367431640625e-07,3.790855407714844e-05,9.5367431640625e-07
9.5367431640625e-07,3.719329833984375e-05,7.152557373046875e-07
1.1920928955078125e-06,3.6716461181640625e-05,9.5367431640625e-07
7.152557373046875e-07,3.814697265625e-05,2.1457672119140625e-06
9.5367431640625e-07,3.790855407714844e-05,1.1920928955078125e-06
1.1920928955078125e-06,3.790855407714844e-05,9.5367431640625e-07
9.5367431640625e-07,3.814697265625e-05,9.5367431640625e-07
9.5367431640625e-07,3.790855407714844e-05,9.5367431640625e-07
0.0,3.814697265625e-05,1.1920928955078125e-06
0.0,3.790855407714844e-05,0.0
1.1920928955078125e-06,3.814697265625e-05,1.1920928955078125e-06
9.5367431640625e-07,3.790855407714844e-05,9.5367431640625e-07
9.5367431640625e-07,3.886222839355469e-05,9.5367431640625e-07
1.1920928955078125e-06,3.814697265625e-05,9.5367431640625e-07
9.5367431640625e-07,3.790855407714844e-05,1.1920928955078125e-06
7.152557373046875e-07,3.910064697265625e-05,9.5367431640625e-07
9.5367431640625e-07,3.790855407714844e-05,2.1457672119140625e-06
0.0,3.886222839355469e-05,9.5367431640625e-07
0.0,3.814697265625e-05,7.152557373046875e-07
9.5367431640625e-07,3.910064697265625e-05,9.5367431640625e-07
9.5367431640625e-07,3.886222839355469e-05,1.1920928955078125e-06
1.1920928955078125e-06,3.814697265625e-05,9.5367431640625e-07
9.5367431640625e-07,3.886222839355469e-05,2.1457672119140625e-06
9.5367431640625e-07,3.933906555175781e-05,9.5367431640625e-07
1.1920928955078125e-06,3.886222839355469e-05,9.5367431640625e-07
9.5367431640625e-07,3.886222839355469e-05,9.5367431640625e-07
0.0,3.910064697265625e-05,1.1920928955078125e-06
0.0,3.910064697265625e-05,9.5367431640625e-07
9.5367431640625e-07,3.886222839355469e-05,1.9073486328125e-06
1.1920928955078125e-06,3.886222839355469e-05,0.0
9.5367431640625e-07,4.029273986816406e-05,9.5367431640625e-07
9.5367431640625e-07,3.886222839355469e-05,9.5367431640625e-07
1.1920928955078125e-06,4.00543212890625e-05,1.1920928955078125e-06
9.5367431640625e-07,4.00543212890625e-05,9.5367431640625e-07
9.5367431640625e-07,3.886222839355469e-05,9.5367431640625e-07
0.0,4.00543212890625e-05,0.0
0.0,3.981590270996094e-05,9.5367431640625e-07
0.0,4.029273986816406e-05,7.152557373046875e-07
9.5367431640625e-07,3.981590270996094e-05,1.1920928955078125e-06
7.152557373046875e-07,4.00543212890625e-05,9.5367431640625e-07
1.1920928955078125e-06,3.981590270996094e-05,3.0994415283203125e-06
9.5367431640625e-07,3.933906555175781e-05,9.5367431640625e-07
9.5367431640625e-07,3.886222839355469e-05,1.1920928955078125e-06
9.5367431640625e-07,3.981590270996094e-05,9.5367431640625e-07
1.1920928955078125e-06,4.00543212890625e-05,9.5367431640625e-07
0.0,4.00543212890625e-05,0.0
0.0,4.00543212890625e-05,1.9073486328125e-06
9.5367431640625e-07,3.981590270996094e-05,9.5367431640625e-07
1.1920928955078125e-06,4.100799560546875e-05,1.1920928955078125e-06
9.5367431640625e-07,4.00543212890625e-05,9.5367431640625e-07
9.5367431640625e-07,4.00543212890625e-05,9.5367431640625e-07
7.152557373046875e-07,3.981590270996094e-05,9.5367431640625e-07
1.1920928955078125e-06,4.100799560546875e-05,2.1457672119140625e-06
9.5367431640625e-07,3.981590270996094e-05,0.0
0.0,4.100799560546875e-05,9.5367431640625e-07
0.0,4.029273986816406e-05,9.5367431640625e-07
1.1920928955078125e-06,4.00543212890625e-05,9.5367431640625e-07
0.0,3.981590270996094e-05,2.1457672119140625e-06
9.5367431640625e-07,4.100799560546875e-05,1.9073486328125e-06
9.5367431640625e-07,4.100799560546875e-05,1.1920928955078125e-06
1.1920928955078125e-06,4.100799560546875e-05,9.5367431640625e-07
9.5367431640625e-07,4.124641418457031e-05,9.5367431640625e-07
9.5367431640625e-07,4.100799560546875e-05,9.5367431640625e-07
9.5367431640625e-07,4.100799560546875e-05,0.0
9.5367431640625e-07,4.076957702636719e-05,9.5367431640625e-07
0.0,4.1961669921875e-05,1.1920928955078125e-06
0.0,4.100799560546875e-05,4.0531158447265625e-06
9.5367431640625e-07,4.1961669921875e-05,9.5367431640625e-07
1.1920928955078125e-06,4.1961669921875e-05,1.9073486328125e-06
9.5367431640625e-07,4.124641418457031e-05,9.5367431640625e-07
9.5367431640625e-07,4.1961669921875e-05,9.5367431640625e-07
1.1920928955078125e-06,4.1961669921875e-05,9.5367431640625e-07
9.5367431640625e-07,4.220008850097656e-05,1.1920928955078125e-06
9.5367431640625e-07,4.1961669921875e-05,0.0
7.152557373046875e-07,4.1961669921875e-05,1.1920928955078125e-06
0.0,4.1961669921875e-05,9.5367431640625e-07
0.0,4.1961669921875e-05,9.5367431640625e-07
9.5367431640625e-07,4.1961669921875e-05,1.1920928955078125e-06
9.5367431640625e-07,4.291534423828125e-05,1.6689300537109375e-06
1.1920928955078125e-06,4.220008850097656e-05,9.5367431640625e-07
9.5367431640625e-07,4.291534423828125e-05,1.1920928955078125e-06
9.5367431640625e-07,4.1961669921875e-05,9.5367431640625e-07
9.5367431640625e-07,4.1961669921875e-05,9.5367431640625e-07
1.1920928955078125e-06,4.315376281738281e-05,0.0
9.5367431640625e-07,4.38690185546875e-05,9.5367431640625e-07
0.0,4.315376281738281e-05,9.5367431640625e-07
0.0,4.291534423828125e-05,1.1920928955078125e-06
9.5367431640625e-07,4.315376281738281e-05,7.152557373046875e-07
9.5367431640625e-07,4.1961669921875e-05,9.5367431640625e-07
9.5367431640625e-07,4.1961669921875e-05,0.0
9.5367431640625e-07,4.315376281738281e-05,9.5367431640625e-07
1.1920928955078125e-06,4.291534423828125e-05,9.5367431640625e-07
9.5367431640625e-07,4.315376281738281e-05,1.1920928955078125e-06
9.5367431640625e-07,4.291534423828125e-05,9.5367431640625e-07
0.0,4.291534423828125e-05,9.5367431640625e-07
0.0,4.315376281738281e-05,0.0
0.0,4.291534423828125e-05,7.152557373046875e-07
9.5367431640625e-07,4.315376281738281e-05,9.5367431640625e-07
7.152557373046875e-07,4.291534423828125e-05,1.1920928955078125e-06
1.1920928955078125e-06,4.410743713378906e-05,9.5367431640625e-07
9.5367431640625e-07,4.291534423828125e-05,2.1457672119140625e-06
9.5367431640625e-07,4.410743713378906e-05,0.0
1.1920928955078125e-06,4.291534423828125e-05,1.9073486328125e-06
0.0,4.410743713378906e-05,1.1920928955078125e-06
0.0,4.410743713378906e-05,7.152557373046875e-07
0.0,4.291534423828125e-05,0.0
1.1920928955078125e-06,4.315376281738281e-05,9.5367431640625e-07
9.5367431640625e-07,4.267692565917969e-05,9.5367431640625e-07
9.5367431640625e-07,4.410743713378906e-05,9.5367431640625e-07
9.5367431640625e-07,4.410743713378906e-05,1.1920928955078125e-06
9.5367431640625e-07,4.410743713378906e-05,1.9073486328125e-06
9.5367431640625e-07,4.38690185546875e-05,0.0
9.5367431640625e-07,4.410743713378906e-05,9.5367431640625e-07
0.0,4.410743713378906e-05,7.152557373046875e-07
0.0,4.482269287109375e-05,9.5367431640625e-07
0.0,4.38690185546875e-05,1.1920928955078125e-06
9.5367431640625e-07,4.410743713378906e-05,1.9073486328125e-06
9.5367431640625e-07,4.506111145019531e-05,1.1920928955078125e-06
1.1920928955078125e-06,4.506111145019531e-05,9.5367431640625e-07
9.5367431640625e-07,4.410743713378906e-05,9.5367431640625e-07
9.5367431640625e-07,4.482269287109375e-05,2.86102294921875e-06
1.1920928955078125e-06,4.38690185546875e-05,9.5367431640625e-07
7.152557373046875e-07,8.392333984375e-05,1.1920928955078125e-06
0.0,4.601478576660156e-05,9.5367431640625e-07
0.0,4.792213439941406e-05,9.5367431640625e-07
0.0,4.601478576660156e-05,0.0
1.1920928955078125e-06,4.6253204345703125e-05,9.5367431640625e-07
9.5367431640625e-07,4.506111145019531e-05,9.5367431640625e-07
0.0,4.458427429199219e-05,1.1920928955078125e-06
0.0,4.506111145019531e-05,1.6689300537109375e-06
0.0,4.506111145019531e-05,1.1920928955078125e-06
9.5367431640625e-07,4.506111145019531e-05,9.5367431640625e-07
1.1920928955078125e-06,4.482269287109375e-05,9.5367431640625e-07
7.152557373046875e-07,4.506111145019531e-05,1.1920928955078125e-06
9.5367431640625e-07,4.506111145019531e-05,1.9073486328125e-06
1.1920928955078125e-06,4.506111145019531e-05,0.0
9.5367431640625e-07,4.482269287109375e-05,9.5367431640625e-07
9.5367431640625e-07,4.506111145019531e-05,9.5367431640625e-07
9.5367431640625e-07,4.6253204345703125e-05,2.86102294921875e-06
0.0,4.57763671875e-05,9.5367431640625e-07
0.0,4.601478576660156e-05,1.1920928955078125e-06
9.5367431640625e-07,4.506111145019531e-05,9.5367431640625e-07
9.5367431640625e-07,4.601478576660156e-05,9.5367431640625e-07
1.1920928955078125e-06,4.601478576660156e-05,9.5367431640625e-07
7.152557373046875e-07,4.601478576660156e-05,2.1457672119140625e-06
9.5367431640625e-07,4.601478576660156e-05,9.5367431640625e-07
9.5367431640625e-07,4.601478576660156e-05,9.5367431640625e-07
1.1920928955078125e-06,4.696846008300781e-05,9.5367431640625e-07
9.5367431640625e-07,4.57763671875e-05,9.5367431640625e-07
0.0,4.6253204345703125e-05,9.5367431640625e-07
0.0,4.601478576660156e-05,2.1457672119140625e-06
0.0,4.57763671875e-05,9.5367431640625e-07
9.5367431640625e-07,4.601478576660156e-05,1.1920928955078125e-06
9.5367431640625e-07,4.7206878662109375e-05,9.5367431640625e-07
1.1920928955078125e-06,4.673004150390625e-05,1.6689300537109375e-06
9.5367431640625e-07,4.7206878662109375e-05,1.1920928955078125e-06
7.152557373046875e-07,4.673004150390625e-05,9.5367431640625e-07
9.5367431640625e-07,4.7206878662109375e-05,0.0
1.1920928955078125e-06,4.696846008300781e-05,9.5367431640625e-07
9.5367431640625e-07,4.696846008300781e-05,9.5367431640625e-07
9.5367431640625e-07,4.696846008300781e-05,2.1457672119140625e-06
0.0,4.696846008300781e-05,9.5367431640625e-07
0.0,4.696846008300781e-05,9.5367431640625e-07
0.0,4.7206878662109375e-05,9.5367431640625e-07
9.5367431640625e-07,4.673004150390625e-05,9.5367431640625e-07
9.5367431640625e-07,4.696846008300781e-05,0.0
1.1920928955078125e-06,4.696846008300781e-05,1.1920928955078125e-06
7.152557373046875e-07,4.696846008300781e-05,9.5367431640625e-07
9.5367431640625e-07,4.673004150390625e-05,9.5367431640625e-07
9.5367431640625e-07,4.8160552978515625e-05,1.1920928955078125e-06
1.1920928955078125e-06,4.673004150390625e-05,1.9073486328125e-06
9.5367431640625e-07,4.8160552978515625e-05,7.152557373046875e-07
0.0,4.792213439941406e-05,1.1920928955078125e-06
0.0,4.8160552978515625e-05,9.5367431640625e-07
0.0,4.792213439941406e-05,3.0994415283203125e-06
9.5367431640625e-07,4.696846008300781e-05,9.5367431640625e-07
9.5367431640625e-07,4.76837158203125e-05,9.5367431640625e-07
1.1920928955078125e-06,4.8160552978515625e-05,1.1920928955078125e-06
9.5367431640625e-07,4.792213439941406e-05,1.9073486328125e-06
7.152557373046875e-07,4.8160552978515625e-05,9.5367431640625e-07
9.5367431640625e-07,4.792213439941406e-05,9.5367431640625e-07
1.1920928955078125e-06,4.8160552978515625e-05,9.5367431640625e-07
9.5367431640625e-07,4.887580871582031e-05,9.5367431640625e-07
0.0,4.8160552978515625e-05,1.9073486328125e-06
0.0,4.887580871582031e-05,1.1920928955078125e-06
0.0,4.8160552978515625e-05,9.5367431640625e-07
0.0,4.887580871582031e-05,2.1457672119140625e-06
9.5367431640625e-07,4.792213439941406e-05,7.152557373046875e-07
9.5367431640625e-07,4.9114227294921875e-05,9.5367431640625e-07
1.1920928955078125e-06,4.887580871582031e-05,9.5367431640625e-07
9.5367431640625e-07,4.9114227294921875e-05,1.1920928955078125e-06
7.152557373046875e-07,4.792213439941406e-05,0.0
1.1920928955078125e-06,4.9114227294921875e-05,2.1457672119140625e-06
9.5367431640625e-07,4.887580871582031e-05,0.0
9.5367431640625e-07,4.887580871582031e-05,1.1920928955078125e-06
9.5367431640625e-07,4.9114227294921875e-05,7.152557373046875e-07
0.0,5.0067901611328125e-05,9.5367431640625e-07
0.0,5.0067901611328125e-05,1.1920928955078125e-06
0.0,4.887580871582031e-05,1.9073486328125e-06
9.5367431640625e-07,4.887580871582031e-05,9.5367431640625e-07
1.1920928955078125e-06,4.9114227294921875e-05,1.1920928955078125e-06
9.5367431640625e-07,4.887580871582031e-05,9.5367431640625e-07
9.5367431640625e-07,5.0067901611328125e-05,2.1457672119140625e-06
7.152557373046875e-07,5.0067901611328125e-05,7.152557373046875e-07
1.1920928955078125e-06,4.887580871582031e-05,9.5367431640625e-07
9.5367431640625e-07,4.887580871582031e-05,9.5367431640625e-07
9.5367431640625e-07,4.9114227294921875e-05,3.0994415283203125e-06
1.1920928955078125e-06,5.0067901611328125e-05,1.1920928955078125e-06
0.0,4.982948303222656e-05,9.5367431640625e-07
0.0,4.982948303222656e-05,9.5367431640625e-07
0.0,5.030632019042969e-05,2.1457672119140625e-06
9.5367431640625e-07,4.982948303222656e-05,7.152557373046875e-07
1.1920928955078125e-06,5.1021575927734375e-05,9.5367431640625e-07
9.5367431640625e-07,5.030632019042969e-05,1.1920928955078125e-06
7.152557373046875e-07,5.0067901611328125e-05,9.5367431640625e-07
1.1920928955078125e-06,5.0067901611328125e-05,9.5367431640625e-07
9.5367431640625e-07,5.078315734863281e-05,2.1457672119140625e-06
9.5367431640625e-07,5.1021575927734375e-05,9.5367431640625e-07
9.5367431640625e-07,5.0067901611328125e-05,9.5367431640625e-07
1.1920928955078125e-06,5.0067901611328125e-05,1.1920928955078125e-06
9.5367431640625e-07,5.0067901611328125e-05,7.152557373046875e-07
0.0,5.1021575927734375e-05,0.0
0.0,5.1021575927734375e-05,1.1920928955078125e-06
0.0,5.1021575927734375e-05,9.5367431640625e-07
9.5367431640625e-07,7.796287536621094e-05,2.1457672119140625e-06
9.5367431640625e-07,6.508827209472656e-05,9.5367431640625e-07
7.152557373046875e-07,0.00012493133544921875,2.1457672119140625e-06
1.1920928955078125e-06,5.1021575927734375e-05,9.5367431640625e-07
9.5367431640625e-07,5.078315734863281e-05,7.152557373046875e-07
9.5367431640625e-07,5.1021575927734375e-05,9.5367431640625e-07
1.1920928955078125e-06,5.125999450683594e-05,2.1457672119140625e-06
9.5367431640625e-07,5.1021575927734375e-05,9.5367431640625e-07
9.5367431640625e-07,5.078315734863281e-05,1.1920928955078125e-06
1.1920928955078125e-06,5.078315734863281e-05,9.5367431640625e-07
0.0,5.1975250244140625e-05,9.5367431640625e-07
0.0,5.125999450683594e-05,0.0
0.0,5.1975250244140625e-05,9.5367431640625e-07
7.152557373046875e-07,5.1021575927734375e-05,7.152557373046875e-07
1.1920928955078125e-06,5.1021575927734375e-05,2.1457672119140625e-06
9.5367431640625e-07,5.1975250244140625e-05,9.5367431640625e-07
9.5367431640625e-07,5.173683166503906e-05,9.5367431640625e-07
1.1920928955078125e-06,5.1975250244140625e-05,0.0
9.5367431640625e-07,5.245208740234375e-05,9.5367431640625e-07
9.5367431640625e-07,5.173683166503906e-05,1.1920928955078125e-06
9.5367431640625e-07,5.316734313964844e-05,1.9073486328125e-06
1.1920928955078125e-06,5.1975250244140625e-05,7.152557373046875e-07
9.5367431640625e-07,5.1975250244140625e-05,2.1457672119140625e-06
0.0,5.1975250244140625e-05,1.1920928955078125e-06
0.0,5.2928924560546875e-05,9.5367431640625e-07
0.0,5.507469177246094e-05,9.5367431640625e-07
9.5367431640625e-07,5.602836608886719e-05,3.0994415283203125e-06
9.5367431640625e-07,5.2928924560546875e-05,7.152557373046875e-07
9.5367431640625e-07,5.2928924560546875e-05,1.1920928955078125e-06
1.1920928955078125e-06,5.2928924560546875e-05,0.0
0.0,5.316734313964844e-05,9.5367431640625e-07
0.0,5.2928924560546875e-05,2.1457672119140625e-06
0.0,5.2928924560546875e-05,2.1457672119140625e-06
9.5367431640625e-07,5.2928924560546875e-05,9.5367431640625e-07
9.5367431640625e-07,5.2928924560546875e-05,9.5367431640625e-07
9.5367431640625e-07,5.2928924560546875e-05,7.152557373046875e-07
9.5367431640625e-07,5.2928924560546875e-05,2.1457672119140625e-06
9.5367431640625e-07,5.412101745605469e-05,9.5367431640625e-07
1.1920928955078125e-06,5.2928924560546875e-05,1.1920928955078125e-06
9.5367431640625e-07,5.412101745605469e-05,9.5367431640625e-07
9.5367431640625e-07,5.2928924560546875e-05,1.9073486328125e-06
9.5367431640625e-07,5.412101745605469e-05,1.1920928955078125e-06
0.0,5.2928924560546875e-05,9.5367431640625e-07
0.0,5.3882598876953125e-05,7.152557373046875e-07
9.5367431640625e-07,5.412101745605469e-05,1.1920928955078125e-06
9.5367431640625e-07,5.2928924560546875e-05,0.0
1.1920928955078125e-06,5.2928924560546875e-05,9.5367431640625e-07
7.152557373046875e-07,5.2928924560546875e-05,1.1920928955078125e-06
9.5367431640625e-07,5.412101745605469e-05,9.5367431640625e-07
9.5367431640625e-07,5.3882598876953125e-05,9.5367431640625e-07
1.1920928955078125e-06,5.3882598876953125e-05,2.1457672119140625e-06
9.5367431640625e-07,5.412101745605469e-05,9.5367431640625e-07
9.5367431640625e-07,5.3882598876953125e-05,7.152557373046875e-07
1.1920928955078125e-06,5.412101745605469e-05,1.1920928955078125e-06
0.0,5.507469177246094e-05,1.9073486328125e-06
0.0,5.3882598876953125e-05,1.1920928955078125e-06
0.0,5.507469177246094e-05,9.5367431640625e-07
1.1920928955078125e-06,5.412101745605469e-05,9.5367431640625e-07
7.152557373046875e-07,5.4836273193359375e-05,3.0994415283203125e-06
9.5367431640625e-07,5.4836273193359375e-05,9.5367431640625e-07
9.5367431640625e-07,5.412101745605469e-05,9.5367431640625e-07
